subject_entity_id,entity_relationship_type,object_entity_id,object_entity_iri,entity_relationship_date,entity_relationship_order
dcd6147f-1ed3-11e3-bfac-90b11c41863e,sequence of,54869bf6-a0b5-11ed-803c-6c2b597b15e2,,,
dcd6147f-1ed3-11e3-bfac-90b11c41863e,sequence of,54869bf6-a0b5-11ed-803c-6c2b597b15e2,,,
dcd6147f-1ed3-11e3-bfac-90b11c41863e,sequence of,54869bf6-a0b5-11ed-803c-6c2b597b15e2,,,
dcd6147f-1ed3-11e3-bfac-90b11c41863e,sequence of,54869bf6-a0b5-11ed-803c-6c2b597b15e2,,,
dcd6147f-1ed3-11e3-bfac-90b11c41863e,sequence of,54869bf6-a0b5-11ed-803c-6c2b597b15e2,,,
dcd6147f-1ed3-11e3-bfac-90b11c41863e,sequence of,54869bf6-a0b5-11ed-803c-6c2b597b15e2,,,
dcd6147f-1ed3-11e3-bfac-90b11c41863e,sequence of,54869dab-a0b5-11ed-803c-6c2b597b15e2,,,
dcd6147f-1ed3-11e3-bfac-90b11c41863e,sequence of,54869dab-a0b5-11ed-803c-6c2b597b15e2,,,
dcd6147f-1ed3-11e3-bfac-90b11c41863e,sequence of,54869dab-a0b5-11ed-803c-6c2b597b15e2,,,
dcd6147f-1ed3-11e3-bfac-90b11c41863e,sequence of,54869dab-a0b5-11ed-803c-6c2b597b15e2,,,
dcd6147f-1ed3-11e3-bfac-90b11c41863e,sequence of,54869dab-a0b5-11ed-803c-6c2b597b15e2,,,
dcd6147f-1ed3-11e3-bfac-90b11c41863e,sequence of,54869dab-a0b5-11ed-803c-6c2b597b15e2,,,
dcd6147f-1ed3-11e3-bfac-90b11c41863e,sequence of,54869dfa-a0b5-11ed-803c-6c2b597b15e2,,,
dcd6147f-1ed3-11e3-bfac-90b11c41863e,sequence of,54869dfa-a0b5-11ed-803c-6c2b597b15e2,,,
dcd6147f-1ed3-11e3-bfac-90b11c41863e,sequence of,54869dfa-a0b5-11ed-803c-6c2b597b15e2,,,
dcd6147f-1ed3-11e3-bfac-90b11c41863e,sequence of,54869dfa-a0b5-11ed-803c-6c2b597b15e2,,,
dcd6147f-1ed3-11e3-bfac-90b11c41863e,sequence of,54869dfa-a0b5-11ed-803c-6c2b597b15e2,,,
dcd6147f-1ed3-11e3-bfac-90b11c41863e,sequence of,54869dfa-a0b5-11ed-803c-6c2b597b15e2,,,
dcd6147f-1ed3-11e3-bfac-90b11c41863e,sequence of,54869e41-a0b5-11ed-803c-6c2b597b15e2,,,
dcd6147f-1ed3-11e3-bfac-90b11c41863e,sequence of,54869e41-a0b5-11ed-803c-6c2b597b15e2,,,
dcd6147f-1ed3-11e3-bfac-90b11c41863e,sequence of,54869e41-a0b5-11ed-803c-6c2b597b15e2,,,
dcd6147f-1ed3-11e3-bfac-90b11c41863e,sequence of,54869e41-a0b5-11ed-803c-6c2b597b15e2,,,
dcd6147f-1ed3-11e3-bfac-90b11c41863e,sequence of,54869e41-a0b5-11ed-803c-6c2b597b15e2,,,
dcd6147f-1ed3-11e3-bfac-90b11c41863e,sequence of,54869e41-a0b5-11ed-803c-6c2b597b15e2,,,
dcd6147f-1ed3-11e3-bfac-90b11c41863e,sequence of,54869e8c-a0b5-11ed-803c-6c2b597b15e2,,,
dcd6147f-1ed3-11e3-bfac-90b11c41863e,sequence of,54869e8c-a0b5-11ed-803c-6c2b597b15e2,,,
dcd6147f-1ed3-11e3-bfac-90b11c41863e,sequence of,54869e8c-a0b5-11ed-803c-6c2b597b15e2,,,
dcd6147f-1ed3-11e3-bfac-90b11c41863e,sequence of,54869e8c-a0b5-11ed-803c-6c2b597b15e2,,,
dcd6147f-1ed3-11e3-bfac-90b11c41863e,sequence of,54869e8c-a0b5-11ed-803c-6c2b597b15e2,,,
dcd6147f-1ed3-11e3-bfac-90b11c41863e,sequence of,54869e8c-a0b5-11ed-803c-6c2b597b15e2,,,
dcd6147f-1ed3-11e3-bfac-90b11c41863e,sequence of,54869ed6-a0b5-11ed-803c-6c2b597b15e2,,,
dcd6147f-1ed3-11e3-bfac-90b11c41863e,sequence of,54869ed6-a0b5-11ed-803c-6c2b597b15e2,,,
dcd6147f-1ed3-11e3-bfac-90b11c41863e,sequence of,54869ed6-a0b5-11ed-803c-6c2b597b15e2,,,
dcd6147f-1ed3-11e3-bfac-90b11c41863e,sequence of,54869ed6-a0b5-11ed-803c-6c2b597b15e2,,,
dcd6147f-1ed3-11e3-bfac-90b11c41863e,sequence of,54869ed6-a0b5-11ed-803c-6c2b597b15e2,,,
dcd6147f-1ed3-11e3-bfac-90b11c41863e,sequence of,54869ed6-a0b5-11ed-803c-6c2b597b15e2,,,
dcd6147f-1ed3-11e3-bfac-90b11c41863e,sequence of,54869f1d-a0b5-11ed-803c-6c2b597b15e2,,,
dcd6147f-1ed3-11e3-bfac-90b11c41863e,sequence of,54869f1d-a0b5-11ed-803c-6c2b597b15e2,,,
dcd6147f-1ed3-11e3-bfac-90b11c41863e,sequence of,54869f1d-a0b5-11ed-803c-6c2b597b15e2,,,
dcd6147f-1ed3-11e3-bfac-90b11c41863e,sequence of,54869f1d-a0b5-11ed-803c-6c2b597b15e2,,,
dcd6147f-1ed3-11e3-bfac-90b11c41863e,sequence of,54869f1d-a0b5-11ed-803c-6c2b597b15e2,,,
dcd6147f-1ed3-11e3-bfac-90b11c41863e,sequence of,54869f1d-a0b5-11ed-803c-6c2b597b15e2,,,
dcd6147f-1ed3-11e3-bfac-90b11c41863e,sequence of,54869f70-a0b5-11ed-803c-6c2b597b15e2,,,
dcd6147f-1ed3-11e3-bfac-90b11c41863e,sequence of,54869f70-a0b5-11ed-803c-6c2b597b15e2,,,
dcd6147f-1ed3-11e3-bfac-90b11c41863e,sequence of,54869f70-a0b5-11ed-803c-6c2b597b15e2,,,
dcd6147f-1ed3-11e3-bfac-90b11c41863e,sequence of,54869f70-a0b5-11ed-803c-6c2b597b15e2,,,
dcd6147f-1ed3-11e3-bfac-90b11c41863e,sequence of,54869f70-a0b5-11ed-803c-6c2b597b15e2,,,
dcd6147f-1ed3-11e3-bfac-90b11c41863e,sequence of,54869f70-a0b5-11ed-803c-6c2b597b15e2,,,
dcd6147f-1ed3-11e3-bfac-90b11c41863e,sequence of,54869fc1-a0b5-11ed-803c-6c2b597b15e2,,,
dcd6147f-1ed3-11e3-bfac-90b11c41863e,sequence of,54869fc1-a0b5-11ed-803c-6c2b597b15e2,,,
dcd6147f-1ed3-11e3-bfac-90b11c41863e,sequence of,54869fc1-a0b5-11ed-803c-6c2b597b15e2,,,
dcd6147f-1ed3-11e3-bfac-90b11c41863e,sequence of,54869fc1-a0b5-11ed-803c-6c2b597b15e2,,,
dcd6147f-1ed3-11e3-bfac-90b11c41863e,sequence of,54869fc1-a0b5-11ed-803c-6c2b597b15e2,,,
dcd6147f-1ed3-11e3-bfac-90b11c41863e,sequence of,54869fc1-a0b5-11ed-803c-6c2b597b15e2,,,
dca55f87-1ed3-11e3-bfac-90b11c41863e,sequence of,5486a009-a0b5-11ed-803c-6c2b597b15e2,,,
dca55f87-1ed3-11e3-bfac-90b11c41863e,sequence of,5486a009-a0b5-11ed-803c-6c2b597b15e2,,,
dca55f87-1ed3-11e3-bfac-90b11c41863e,sequence of,5486a009-a0b5-11ed-803c-6c2b597b15e2,,,
dca55f87-1ed3-11e3-bfac-90b11c41863e,sequence of,5486a051-a0b5-11ed-803c-6c2b597b15e2,,,
dca55f87-1ed3-11e3-bfac-90b11c41863e,sequence of,5486a051-a0b5-11ed-803c-6c2b597b15e2,,,
dca55f87-1ed3-11e3-bfac-90b11c41863e,sequence of,5486a051-a0b5-11ed-803c-6c2b597b15e2,,,
dca55f87-1ed3-11e3-bfac-90b11c41863e,sequence of,5486a09a-a0b5-11ed-803c-6c2b597b15e2,,,
dca55f87-1ed3-11e3-bfac-90b11c41863e,sequence of,5486a09a-a0b5-11ed-803c-6c2b597b15e2,,,
dca55f87-1ed3-11e3-bfac-90b11c41863e,sequence of,5486a09a-a0b5-11ed-803c-6c2b597b15e2,,,
db416e84-1ed3-11e3-bfac-90b11c41863e,sequence of,5486a0ec-a0b5-11ed-803c-6c2b597b15e2,,,
db416e84-1ed3-11e3-bfac-90b11c41863e,sequence of,5486a0ec-a0b5-11ed-803c-6c2b597b15e2,,,
db416e84-1ed3-11e3-bfac-90b11c41863e,sequence of,5486a0ec-a0b5-11ed-803c-6c2b597b15e2,,,
db416e84-1ed3-11e3-bfac-90b11c41863e,sequence of,5486a0ec-a0b5-11ed-803c-6c2b597b15e2,,,
db416e84-1ed3-11e3-bfac-90b11c41863e,sequence of,5486a0ec-a0b5-11ed-803c-6c2b597b15e2,,,
db416e84-1ed3-11e3-bfac-90b11c41863e,sequence of,5486a13e-a0b5-11ed-803c-6c2b597b15e2,,,
db416e84-1ed3-11e3-bfac-90b11c41863e,sequence of,5486a13e-a0b5-11ed-803c-6c2b597b15e2,,,
db416e84-1ed3-11e3-bfac-90b11c41863e,sequence of,5486a13e-a0b5-11ed-803c-6c2b597b15e2,,,
db416e84-1ed3-11e3-bfac-90b11c41863e,sequence of,5486a13e-a0b5-11ed-803c-6c2b597b15e2,,,
db416e84-1ed3-11e3-bfac-90b11c41863e,sequence of,5486a13e-a0b5-11ed-803c-6c2b597b15e2,,,
db416e84-1ed3-11e3-bfac-90b11c41863e,sequence of,5486a189-a0b5-11ed-803c-6c2b597b15e2,,,
db416e84-1ed3-11e3-bfac-90b11c41863e,sequence of,5486a189-a0b5-11ed-803c-6c2b597b15e2,,,
db416e84-1ed3-11e3-bfac-90b11c41863e,sequence of,5486a189-a0b5-11ed-803c-6c2b597b15e2,,,
db416e84-1ed3-11e3-bfac-90b11c41863e,sequence of,5486a189-a0b5-11ed-803c-6c2b597b15e2,,,
db416e84-1ed3-11e3-bfac-90b11c41863e,sequence of,5486a189-a0b5-11ed-803c-6c2b597b15e2,,,
db416e84-1ed3-11e3-bfac-90b11c41863e,sequence of,5486a1d7-a0b5-11ed-803c-6c2b597b15e2,,,
db416e84-1ed3-11e3-bfac-90b11c41863e,sequence of,5486a1d7-a0b5-11ed-803c-6c2b597b15e2,,,
db416e84-1ed3-11e3-bfac-90b11c41863e,sequence of,5486a1d7-a0b5-11ed-803c-6c2b597b15e2,,,
db416e84-1ed3-11e3-bfac-90b11c41863e,sequence of,5486a1d7-a0b5-11ed-803c-6c2b597b15e2,,,
db416e84-1ed3-11e3-bfac-90b11c41863e,sequence of,5486a1d7-a0b5-11ed-803c-6c2b597b15e2,,,
db416e84-1ed3-11e3-bfac-90b11c41863e,sequence of,5486a221-a0b5-11ed-803c-6c2b597b15e2,,,
db416e84-1ed3-11e3-bfac-90b11c41863e,sequence of,5486a221-a0b5-11ed-803c-6c2b597b15e2,,,
db416e84-1ed3-11e3-bfac-90b11c41863e,sequence of,5486a221-a0b5-11ed-803c-6c2b597b15e2,,,
db416e84-1ed3-11e3-bfac-90b11c41863e,sequence of,5486a221-a0b5-11ed-803c-6c2b597b15e2,,,
db416e84-1ed3-11e3-bfac-90b11c41863e,sequence of,5486a221-a0b5-11ed-803c-6c2b597b15e2,,,
db416e84-1ed3-11e3-bfac-90b11c41863e,sequence of,5486a26e-a0b5-11ed-803c-6c2b597b15e2,,,
db416e84-1ed3-11e3-bfac-90b11c41863e,sequence of,5486a26e-a0b5-11ed-803c-6c2b597b15e2,,,
db416e84-1ed3-11e3-bfac-90b11c41863e,sequence of,5486a26e-a0b5-11ed-803c-6c2b597b15e2,,,
db416e84-1ed3-11e3-bfac-90b11c41863e,sequence of,5486a26e-a0b5-11ed-803c-6c2b597b15e2,,,
db416e84-1ed3-11e3-bfac-90b11c41863e,sequence of,5486a26e-a0b5-11ed-803c-6c2b597b15e2,,,
dcb01866-1ed3-11e3-bfac-90b11c41863e,sequence of,5486a2ba-a0b5-11ed-803c-6c2b597b15e2,,,
dcb01866-1ed3-11e3-bfac-90b11c41863e,sequence of,5486a305-a0b5-11ed-803c-6c2b597b15e2,,,
dcb01866-1ed3-11e3-bfac-90b11c41863e,sequence of,5486a34e-a0b5-11ed-803c-6c2b597b15e2,,,
dcb076ff-1ed3-11e3-bfac-90b11c41863e,sequence of,5486a6bc-a0b5-11ed-803c-6c2b597b15e2,,,
dcb076ff-1ed3-11e3-bfac-90b11c41863e,sequence of,5486a6bc-a0b5-11ed-803c-6c2b597b15e2,,,
dcb076ff-1ed3-11e3-bfac-90b11c41863e,sequence of,5486a6bc-a0b5-11ed-803c-6c2b597b15e2,,,
dcb076ff-1ed3-11e3-bfac-90b11c41863e,sequence of,5486a6bc-a0b5-11ed-803c-6c2b597b15e2,,,
dcb076ff-1ed3-11e3-bfac-90b11c41863e,sequence of,5486a6bc-a0b5-11ed-803c-6c2b597b15e2,,,
dcb076ff-1ed3-11e3-bfac-90b11c41863e,sequence of,5486a6bc-a0b5-11ed-803c-6c2b597b15e2,,,
dcb076ff-1ed3-11e3-bfac-90b11c41863e,sequence of,5486a6bc-a0b5-11ed-803c-6c2b597b15e2,,,
dcb076ff-1ed3-11e3-bfac-90b11c41863e,sequence of,5486a70d-a0b5-11ed-803c-6c2b597b15e2,,,
dcb076ff-1ed3-11e3-bfac-90b11c41863e,sequence of,5486a70d-a0b5-11ed-803c-6c2b597b15e2,,,
dcb076ff-1ed3-11e3-bfac-90b11c41863e,sequence of,5486a70d-a0b5-11ed-803c-6c2b597b15e2,,,
dcb076ff-1ed3-11e3-bfac-90b11c41863e,sequence of,5486a70d-a0b5-11ed-803c-6c2b597b15e2,,,
dcb076ff-1ed3-11e3-bfac-90b11c41863e,sequence of,5486a70d-a0b5-11ed-803c-6c2b597b15e2,,,
dcb076ff-1ed3-11e3-bfac-90b11c41863e,sequence of,5486a70d-a0b5-11ed-803c-6c2b597b15e2,,,
dcb076ff-1ed3-11e3-bfac-90b11c41863e,sequence of,5486a70d-a0b5-11ed-803c-6c2b597b15e2,,,
dcb076ff-1ed3-11e3-bfac-90b11c41863e,sequence of,5486a755-a0b5-11ed-803c-6c2b597b15e2,,,
dcb076ff-1ed3-11e3-bfac-90b11c41863e,sequence of,5486a755-a0b5-11ed-803c-6c2b597b15e2,,,
dcb076ff-1ed3-11e3-bfac-90b11c41863e,sequence of,5486a755-a0b5-11ed-803c-6c2b597b15e2,,,
dcb076ff-1ed3-11e3-bfac-90b11c41863e,sequence of,5486a755-a0b5-11ed-803c-6c2b597b15e2,,,
dcb076ff-1ed3-11e3-bfac-90b11c41863e,sequence of,5486a755-a0b5-11ed-803c-6c2b597b15e2,,,
dcb076ff-1ed3-11e3-bfac-90b11c41863e,sequence of,5486a755-a0b5-11ed-803c-6c2b597b15e2,,,
dcb076ff-1ed3-11e3-bfac-90b11c41863e,sequence of,5486a755-a0b5-11ed-803c-6c2b597b15e2,,,
dcc04c84-1ed3-11e3-bfac-90b11c41863e,sequence of,5486a7a0-a0b5-11ed-803c-6c2b597b15e2,,,
dcc04c84-1ed3-11e3-bfac-90b11c41863e,sequence of,5486a7a0-a0b5-11ed-803c-6c2b597b15e2,,,
dcc04c84-1ed3-11e3-bfac-90b11c41863e,sequence of,5486a7a0-a0b5-11ed-803c-6c2b597b15e2,,,
dcc04c84-1ed3-11e3-bfac-90b11c41863e,sequence of,5486a7a0-a0b5-11ed-803c-6c2b597b15e2,,,
dcc04c84-1ed3-11e3-bfac-90b11c41863e,sequence of,5486a7a0-a0b5-11ed-803c-6c2b597b15e2,,,
dcc04c84-1ed3-11e3-bfac-90b11c41863e,sequence of,5486a7a0-a0b5-11ed-803c-6c2b597b15e2,,,
dcc04c84-1ed3-11e3-bfac-90b11c41863e,sequence of,5486a7a0-a0b5-11ed-803c-6c2b597b15e2,,,
dcc04c84-1ed3-11e3-bfac-90b11c41863e,sequence of,5486a7a0-a0b5-11ed-803c-6c2b597b15e2,,,
dcc04c84-1ed3-11e3-bfac-90b11c41863e,sequence of,5486a7a0-a0b5-11ed-803c-6c2b597b15e2,,,
dcc04c84-1ed3-11e3-bfac-90b11c41863e,sequence of,5486a7eb-a0b5-11ed-803c-6c2b597b15e2,,,
dcc04c84-1ed3-11e3-bfac-90b11c41863e,sequence of,5486a7eb-a0b5-11ed-803c-6c2b597b15e2,,,
dcc04c84-1ed3-11e3-bfac-90b11c41863e,sequence of,5486a7eb-a0b5-11ed-803c-6c2b597b15e2,,,
dcc04c84-1ed3-11e3-bfac-90b11c41863e,sequence of,5486a7eb-a0b5-11ed-803c-6c2b597b15e2,,,
dcc04c84-1ed3-11e3-bfac-90b11c41863e,sequence of,5486a7eb-a0b5-11ed-803c-6c2b597b15e2,,,
dcc04c84-1ed3-11e3-bfac-90b11c41863e,sequence of,5486a7eb-a0b5-11ed-803c-6c2b597b15e2,,,
dcc04c84-1ed3-11e3-bfac-90b11c41863e,sequence of,5486a7eb-a0b5-11ed-803c-6c2b597b15e2,,,
dcc04c84-1ed3-11e3-bfac-90b11c41863e,sequence of,5486a7eb-a0b5-11ed-803c-6c2b597b15e2,,,
dcc04c84-1ed3-11e3-bfac-90b11c41863e,sequence of,5486a7eb-a0b5-11ed-803c-6c2b597b15e2,,,
dcc04c84-1ed3-11e3-bfac-90b11c41863e,sequence of,5486a834-a0b5-11ed-803c-6c2b597b15e2,,,
dcc04c84-1ed3-11e3-bfac-90b11c41863e,sequence of,5486a834-a0b5-11ed-803c-6c2b597b15e2,,,
dcc04c84-1ed3-11e3-bfac-90b11c41863e,sequence of,5486a834-a0b5-11ed-803c-6c2b597b15e2,,,
dcc04c84-1ed3-11e3-bfac-90b11c41863e,sequence of,5486a834-a0b5-11ed-803c-6c2b597b15e2,,,
dcc04c84-1ed3-11e3-bfac-90b11c41863e,sequence of,5486a834-a0b5-11ed-803c-6c2b597b15e2,,,
dcc04c84-1ed3-11e3-bfac-90b11c41863e,sequence of,5486a834-a0b5-11ed-803c-6c2b597b15e2,,,
dcc04c84-1ed3-11e3-bfac-90b11c41863e,sequence of,5486a834-a0b5-11ed-803c-6c2b597b15e2,,,
dcc04c84-1ed3-11e3-bfac-90b11c41863e,sequence of,5486a834-a0b5-11ed-803c-6c2b597b15e2,,,
dcc04c84-1ed3-11e3-bfac-90b11c41863e,sequence of,5486a834-a0b5-11ed-803c-6c2b597b15e2,,,
dcc04c84-1ed3-11e3-bfac-90b11c41863e,sequence of,5486aa8a-a0b5-11ed-803c-6c2b597b15e2,,,
dcc04c84-1ed3-11e3-bfac-90b11c41863e,sequence of,5486aa8a-a0b5-11ed-803c-6c2b597b15e2,,,
dcc04c84-1ed3-11e3-bfac-90b11c41863e,sequence of,5486aa8a-a0b5-11ed-803c-6c2b597b15e2,,,
dcc04c84-1ed3-11e3-bfac-90b11c41863e,sequence of,5486aa8a-a0b5-11ed-803c-6c2b597b15e2,,,
dcc04c84-1ed3-11e3-bfac-90b11c41863e,sequence of,5486aa8a-a0b5-11ed-803c-6c2b597b15e2,,,
dcc04c84-1ed3-11e3-bfac-90b11c41863e,sequence of,5486aa8a-a0b5-11ed-803c-6c2b597b15e2,,,
dcc04c84-1ed3-11e3-bfac-90b11c41863e,sequence of,5486aa8a-a0b5-11ed-803c-6c2b597b15e2,,,
dcc04c84-1ed3-11e3-bfac-90b11c41863e,sequence of,5486aa8a-a0b5-11ed-803c-6c2b597b15e2,,,
dcc04c84-1ed3-11e3-bfac-90b11c41863e,sequence of,5486aa8a-a0b5-11ed-803c-6c2b597b15e2,,,
dcc04c84-1ed3-11e3-bfac-90b11c41863e,sequence of,5486aad8-a0b5-11ed-803c-6c2b597b15e2,,,
dcc04c84-1ed3-11e3-bfac-90b11c41863e,sequence of,5486aad8-a0b5-11ed-803c-6c2b597b15e2,,,
dcc04c84-1ed3-11e3-bfac-90b11c41863e,sequence of,5486aad8-a0b5-11ed-803c-6c2b597b15e2,,,
dcc04c84-1ed3-11e3-bfac-90b11c41863e,sequence of,5486aad8-a0b5-11ed-803c-6c2b597b15e2,,,
dcc04c84-1ed3-11e3-bfac-90b11c41863e,sequence of,5486aad8-a0b5-11ed-803c-6c2b597b15e2,,,
dcc04c84-1ed3-11e3-bfac-90b11c41863e,sequence of,5486aad8-a0b5-11ed-803c-6c2b597b15e2,,,
dcc04c84-1ed3-11e3-bfac-90b11c41863e,sequence of,5486aad8-a0b5-11ed-803c-6c2b597b15e2,,,
dcc04c84-1ed3-11e3-bfac-90b11c41863e,sequence of,5486aad8-a0b5-11ed-803c-6c2b597b15e2,,,
dcc04c84-1ed3-11e3-bfac-90b11c41863e,sequence of,5486aad8-a0b5-11ed-803c-6c2b597b15e2,,,
dcc04c84-1ed3-11e3-bfac-90b11c41863e,sequence of,5486ab23-a0b5-11ed-803c-6c2b597b15e2,,,
dcc04c84-1ed3-11e3-bfac-90b11c41863e,sequence of,5486ab23-a0b5-11ed-803c-6c2b597b15e2,,,
dcc04c84-1ed3-11e3-bfac-90b11c41863e,sequence of,5486ab23-a0b5-11ed-803c-6c2b597b15e2,,,
dcc04c84-1ed3-11e3-bfac-90b11c41863e,sequence of,5486ab23-a0b5-11ed-803c-6c2b597b15e2,,,
dcc04c84-1ed3-11e3-bfac-90b11c41863e,sequence of,5486ab23-a0b5-11ed-803c-6c2b597b15e2,,,
dcc04c84-1ed3-11e3-bfac-90b11c41863e,sequence of,5486ab23-a0b5-11ed-803c-6c2b597b15e2,,,
dcc04c84-1ed3-11e3-bfac-90b11c41863e,sequence of,5486ab23-a0b5-11ed-803c-6c2b597b15e2,,,
dcc04c84-1ed3-11e3-bfac-90b11c41863e,sequence of,5486ab23-a0b5-11ed-803c-6c2b597b15e2,,,
dcc04c84-1ed3-11e3-bfac-90b11c41863e,sequence of,5486ab23-a0b5-11ed-803c-6c2b597b15e2,,,
db448f87-1ed3-11e3-bfac-90b11c41863e,sequence of,5486ab68-a0b5-11ed-803c-6c2b597b15e2,,,
db448f87-1ed3-11e3-bfac-90b11c41863e,sequence of,5486abe9-a0b5-11ed-803c-6c2b597b15e2,,,
db448f87-1ed3-11e3-bfac-90b11c41863e,sequence of,5486ae73-a0b5-11ed-803c-6c2b597b15e2,,,
db849d56-1ed3-11e3-bfac-90b11c41863e,sequence of,5486aee6-a0b5-11ed-803c-6c2b597b15e2,,,
db849d56-1ed3-11e3-bfac-90b11c41863e,sequence of,5486af54-a0b5-11ed-803c-6c2b597b15e2,,,
db849d56-1ed3-11e3-bfac-90b11c41863e,sequence of,5486b169-a0b5-11ed-803c-6c2b597b15e2,,,
db80b010-1ed3-11e3-bfac-90b11c41863e,sequence of,5486b214-a0b5-11ed-803c-6c2b597b15e2,,,
db80b010-1ed3-11e3-bfac-90b11c41863e,sequence of,5486b214-a0b5-11ed-803c-6c2b597b15e2,,,
db80b010-1ed3-11e3-bfac-90b11c41863e,sequence of,5486b214-a0b5-11ed-803c-6c2b597b15e2,,,
db80b010-1ed3-11e3-bfac-90b11c41863e,sequence of,5486b214-a0b5-11ed-803c-6c2b597b15e2,,,
db80b010-1ed3-11e3-bfac-90b11c41863e,sequence of,5486b214-a0b5-11ed-803c-6c2b597b15e2,,,
db80b010-1ed3-11e3-bfac-90b11c41863e,sequence of,5486b214-a0b5-11ed-803c-6c2b597b15e2,,,
db80b010-1ed3-11e3-bfac-90b11c41863e,sequence of,5486b214-a0b5-11ed-803c-6c2b597b15e2,,,
db80b010-1ed3-11e3-bfac-90b11c41863e,sequence of,5486b489-a0b5-11ed-803c-6c2b597b15e2,,,
db80b010-1ed3-11e3-bfac-90b11c41863e,sequence of,5486b489-a0b5-11ed-803c-6c2b597b15e2,,,
db80b010-1ed3-11e3-bfac-90b11c41863e,sequence of,5486b489-a0b5-11ed-803c-6c2b597b15e2,,,
db80b010-1ed3-11e3-bfac-90b11c41863e,sequence of,5486b489-a0b5-11ed-803c-6c2b597b15e2,,,
db80b010-1ed3-11e3-bfac-90b11c41863e,sequence of,5486b489-a0b5-11ed-803c-6c2b597b15e2,,,
db80b010-1ed3-11e3-bfac-90b11c41863e,sequence of,5486b489-a0b5-11ed-803c-6c2b597b15e2,,,
db80b010-1ed3-11e3-bfac-90b11c41863e,sequence of,5486b489-a0b5-11ed-803c-6c2b597b15e2,,,
db80b010-1ed3-11e3-bfac-90b11c41863e,sequence of,5486b4fc-a0b5-11ed-803c-6c2b597b15e2,,,
db80b010-1ed3-11e3-bfac-90b11c41863e,sequence of,5486b4fc-a0b5-11ed-803c-6c2b597b15e2,,,
db80b010-1ed3-11e3-bfac-90b11c41863e,sequence of,5486b4fc-a0b5-11ed-803c-6c2b597b15e2,,,
db80b010-1ed3-11e3-bfac-90b11c41863e,sequence of,5486b4fc-a0b5-11ed-803c-6c2b597b15e2,,,
db80b010-1ed3-11e3-bfac-90b11c41863e,sequence of,5486b4fc-a0b5-11ed-803c-6c2b597b15e2,,,
db80b010-1ed3-11e3-bfac-90b11c41863e,sequence of,5486b4fc-a0b5-11ed-803c-6c2b597b15e2,,,
db80b010-1ed3-11e3-bfac-90b11c41863e,sequence of,5486b4fc-a0b5-11ed-803c-6c2b597b15e2,,,
dc6e6ae9-1ed3-11e3-bfac-90b11c41863e,sequence of,5486e8ce-a0b5-11ed-803c-6c2b597b15e2,,,
0753f604-8742-41d0-a27c-4d73b07e1eb6,sequence of,548a0b20-a0b5-11ed-803c-6c2b597b15e2,,,
9519631d-38d6-4ce1-a151-19bc77d967d1,sequence of,548a4486-a0b5-11ed-803c-6c2b597b15e2,,,
